https://en.wikipedia.org/wiki/American, , https://en.wikipedia.org/wiki/Americans
https://en.wikipedia.org/wiki/Arafat, https://en.wikipedia.org/wiki/Yasser_Arafat
https://en.wikipedia.org/wiki/Brazil
https://en.wikipedia.org/wiki/CD , https://en.wikipedia.org/wiki/Compact_disc
https://en.wikipedia.org/wiki/FBI , https://en.wikipedia.org/wiki/Federal_Bureau_of_Investigation
https://en.wikipedia.org/wiki/Freud , https://en.wikipedia.org/wiki/Sigmund_Freud 
https://en.wikipedia.org/wiki/Harvard , https://en.wikipedia.org/wiki/Harvard_University
https://en.wikipedia.org/wiki/Israel
https://en.wikipedia.org/wiki/Jackson , https://en.wikipedia.org/wiki/Michael_Jackson
https://en.wikipedia.org/wiki/Japanese , https://en.wikipedia.org/wiki/Japanese_people
https://en.wikipedia.org/wiki/Jerusalem
https://en.wikipedia.org/wiki/Maradona , https://en.wikipedia.org/wiki/Diego_Maradona
https://en.wikipedia.org/wiki/Mars
https://en.wikipedia.org/wiki/Mexico
https://en.wikipedia.org/wiki/OPEC
https://en.wikipedia.org/wiki/Palestinian , https://en.wikipedia.org/wiki/Palestinian_people
https://en.wikipedia.org/wiki/Wednesday
https://en.wikipedia.org/wiki/Yale , https://en.wikipedia.org/wiki/Yale_University
https://en.wikipedia.org/wiki/Abuse
https://en.wikipedia.org/wiki/Accommodation , https://en.wikipedia.org/wiki/Lodging
https://en.wikipedia.org/wiki/Activity , https://en.wikipedia.org/wiki/Action_(philosophy)
https://en.wikipedia.org/wiki/Admission , https://en.wikipedia.org/wiki/University_and_college_admission
https://en.wikipedia.org/wiki/Airport
https://en.wikipedia.org/wiki/Alcohol
https://en.wikipedia.org/wiki/Aluminum , https://en.wikipedia.org/wiki/Aluminium
https://en.wikipedia.org/wiki/Animal
https://en.wikipedia.org/wiki/Announcement , https://en.wikipedia.org/wiki/Public_service_announcement
https://en.wikipedia.org/wiki/Antecedent , https://en.wikipedia.org/wiki/Antecedent_(grammar)
https://en.wikipedia.org/wiki/Anxiety
https://en.wikipedia.org/wiki/Approach , https://en.wikipedia.org/wiki/Scientific_method
https://en.wikipedia.org/wiki/Architecture
https://en.wikipedia.org/wiki/Archive
https://en.wikipedia.org/wiki/Area
https://en.wikipedia.org/wiki/Arrangement
https://en.wikipedia.org/wiki/Arrival , https://en.wikipedia.org/wiki/The_Arrival_(film)
https://en.wikipedia.org/wiki/Article , https://en.wikipedia.org/wiki/Article_(publishing)
https://en.wikipedia.org/wiki/Artifact , https://en.wikipedia.org/wiki/Artifact_(archaeology)
https://en.wikipedia.org/wiki/Association , https://en.wikipedia.org/wiki/Trade_association
https://en.wikipedia.org/wiki/Astronomer
https://en.wikipedia.org/wiki/Asylum , https://en.wikipedia.org/wiki/Right_of_asylum
https://en.wikipedia.org/wiki/Atmosphere
https://en.wikipedia.org/wiki/Attempt
https://en.wikipedia.org/wiki/Attitude , https://en.wikipedia.org/wiki/Attitude_(psychology)
https://en.wikipedia.org/wiki/Automobile , https://en.wikipedia.org/wiki/Car
https://en.wikipedia.org/wiki/Avenue , https://en.wikipedia.org/wiki/Avenue_(landscape)
https://en.wikipedia.org/wiki/Baby , https://en.wikipedia.org/wiki/Infant
https://en.wikipedia.org/wiki/Bank 
https://en.wikipedia.org/wiki/Baseball
https://en.wikipedia.org/wiki/Basketball
https://en.wikipedia.org/wiki/Bed
https://en.wikipedia.org/wiki/Benchmark , https://en.wikipedia.org/wiki/Benchmarking
https://en.wikipedia.org/wiki/Bird
https://en.wikipedia.org/wiki/Bishop
https://en.wikipedia.org/wiki/Block , https://en.wikipedia.org/wiki/City_block
https://en.wikipedia.org/wiki/Board , https://en.wikipedia.org/wiki/Blackboard
https://en.wikipedia.org/wiki/Book
https://en.wikipedia.org/wiki/Boxing
https://en.wikipedia.org/wiki/Boy
https://en.wikipedia.org/wiki/Brandy
https://en.wikipedia.org/wiki/Bread
https://en.wikipedia.org/wiki/Brother
https://en.wikipedia.org/wiki/Buck , https://en.wikipedia.org/wiki/Dollar
https://en.wikipedia.org/wiki/Butter
https://en.wikipedia.org/wiki/Cabbage
https://en.wikipedia.org/wiki/Calculation
https://en.wikipedia.org/wiki/Canyon
https://en.wikipedia.org/wiki/Car
https://en.wikipedia.org/wiki/Card , https://en.wikipedia.org/wiki/Business_card
https://en.wikipedia.org/wiki/Carnivore
https://en.wikipedia.org/wiki/Cash
https://en.wikipedia.org/wiki/Cat
https://en.wikipedia.org/wiki/Category , https://en.wikipedia.org/wiki/Category_of_being
https://en.wikipedia.org/wiki/Cell , https://en.wikipedia.org/wiki/Cell_(biology)
https://en.wikipedia.org/wiki/Cemetery
https://en.wikipedia.org/wiki/Center , https://en.wikipedia.org/wiki/Centre_(geometry)
https://en.wikipedia.org/wiki/Century
https://en.wikipedia.org/wiki/Challenge , https://en.wikipedia.org/wiki/Challenge_(literature)
https://en.wikipedia.org/wiki/Championship 
https://en.wikipedia.org/wiki/Chance , https://en.wikipedia.org/wiki/Indeterminism
https://en.wikipedia.org/wiki/Change , https://en.wikipedia.org/wiki/Change_(philosophy)
https://en.wikipedia.org/wiki/Chemistry
https://en.wikipedia.org/wiki/Children , https://en.wikipedia.org/wiki/Child
https://en.wikipedia.org/wiki/Chord , https://en.wikipedia.org/wiki/Chord_(music)
https://en.wikipedia.org/wiki/Citizen , https://en.wikipedia.org/wiki/Citizenship
https://en.wikipedia.org/wiki/Clinic
https://en.wikipedia.org/wiki/Closet
https://en.wikipedia.org/wiki/Clothes , https://en.wikipedia.org/wiki/Clothing
https://en.wikipedia.org/wiki/Coast
https://en.wikipedia.org/wiki/Cock , https://en.wikipedia.org/wiki/Rooster
https://en.wikipedia.org/wiki/Coffee
https://en.wikipedia.org/wiki/Cognition
https://en.wikipedia.org/wiki/Collection , https://en.wikipedia.org/wiki/Collecting
https://en.wikipedia.org/wiki/Combination
https://en.wikipedia.org/wiki/Communication
https://en.wikipedia.org/wiki/Company
https://en.wikipedia.org/wiki/Competition
https://en.wikipedia.org/wiki/Computation
https://en.wikipedia.org/wiki/Computer
https://en.wikipedia.org/wiki/Concert
https://en.wikipedia.org/wiki/Conclusion , https://en.wikipedia.org/wiki/Conclusion_(book)
https://en.wikipedia.org/wiki/Confidence
https://en.wikipedia.org/wiki/Constellation
https://en.wikipedia.org/wiki/Consumer
https://en.wikipedia.org/wiki/Country
https://en.wikipedia.org/wiki/Crane , https://en.wikipedia.org/wiki/Crane_(bird)
https://en.wikipedia.org/wiki/Credibility
https://en.wikipedia.org/wiki/Credit , https://en.wikipedia.org/wiki/Credit_(finance)
https://en.wikipedia.org/wiki/Crew
https://en.wikipedia.org/wiki/Crisis
https://en.wikipedia.org/wiki/Criterion , https://en.wikipedia.org/wiki/Criterion_validity
https://en.wikipedia.org/wiki/Critic
https://en.wikipedia.org/wiki/Cucumber
https://en.wikipedia.org/wiki/Culture
https://en.wikipedia.org/wiki/Cup
https://en.wikipedia.org/wiki/Currency
https://en.wikipedia.org/wiki/Dawn
https://en.wikipedia.org/wiki/Day
https://en.wikipedia.org/wiki/Death
https://en.wikipedia.org/wiki/Decoration , https://en.wikipedia.org/wiki/Decorative_arts
https://en.wikipedia.org/wiki/Defeat , https://en.wikipedia.org/wiki/Surrender_(military)
https://en.wikipedia.org/wiki/Defeating , https://en.wikipedia.org/wiki/Surrender_(military)
https://en.wikipedia.org/wiki/Delay , https://en.wikipedia.org/wiki/Latency_(engineering)
https://en.wikipedia.org/wiki/Departure , https://en.wikipedia.org/wiki/Takeoff
https://en.wikipedia.org/wiki/Deployment , https://en.wikipedia.org/wiki/Military_deployment
https://en.wikipedia.org/wiki/Deposit , https://en.wikipedia.org/wiki/Deposit_(finance)
https://en.wikipedia.org/wiki/Depression , https://en.wikipedia.org/wiki/Depression_(mood)
https://en.wikipedia.org/wiki/Development , https://en.wikipedia.org/wiki/Land_development
https://en.wikipedia.org/wiki/Direction , https://en.wikipedia.org/wiki/Direction_(geometry)
https://en.wikipedia.org/wiki/Disability , https://en.wikipedia.org/wiki/Disability
https://en.wikipedia.org/wiki/Disaster
https://en.wikipedia.org/wiki/Discipline
https://en.wikipedia.org/wiki/Discovery , https://en.wikipedia.org/wiki/Discovery_(observation)
https://en.wikipedia.org/wiki/Dividend
https://en.wikipedia.org/wiki/Doctor , https://en.wikipedia.org/wiki/Doctor_(title)
https://en.wikipedia.org/wiki/Dollar
https://en.wikipedia.org/wiki/Drink
https://en.wikipedia.org/wiki/Drought
https://en.wikipedia.org/wiki/Drug
https://en.wikipedia.org/wiki/Ear
https://en.wikipedia.org/wiki/Earning , https://en.wikipedia.org/wiki/Earnings
https://en.wikipedia.org/wiki/Eat , https://en.wikipedia.org/wiki/Eating
https://en.wikipedia.org/wiki/Ecology
https://en.wikipedia.org/wiki/Effort , https://en.wikipedia.org/wiki/Effortfulness
https://en.wikipedia.org/wiki/Egg
https://en.wikipedia.org/wiki/Emergency
https://en.wikipedia.org/wiki/Energy
https://en.wikipedia.org/wiki/Entity
https://en.wikipedia.org/wiki/Environment , https://en.wikipedia.org/wiki/Natural_environment
https://en.wikipedia.org/wiki/Equality , https://en.wikipedia.org/wiki/Social_equality
https://en.wikipedia.org/wiki/Equipment , https://en.wikipedia.org/wiki/Military_technology
https://en.wikipedia.org/wiki/Evidence
https://en.wikipedia.org/wiki/Example , https://en.wikipedia.org/wiki/Exemplar_theory
https://en.wikipedia.org/wiki/Exhibit , https://en.wikipedia.org/wiki/Exhibit_(educational)
https://en.wikipedia.org/wiki/Experience
https://en.wikipedia.org/wiki/Eye
https://en.wikipedia.org/wiki/Family
https://en.wikipedia.org/wiki/Fauna
https://en.wikipedia.org/wiki/Fear
https://en.wikipedia.org/wiki/Feline , https://en.wikipedia.org/wiki/Felidae
https://en.wikipedia.org/wiki/Fertility
https://en.wikipedia.org/wiki/Fighting , https://en.wikipedia.org/wiki/Combat
https://en.wikipedia.org/wiki/Film
https://en.wikipedia.org/wiki/Fingerprint
https://en.wikipedia.org/wiki/Five , https://en.wikipedia.org/wiki/5_(number)
https://en.wikipedia.org/wiki/Flight
https://en.wikipedia.org/wiki/Flood
https://en.wikipedia.org/wiki/Focus , https://en.wikipedia.org/wiki/Attention
https://en.wikipedia.org/wiki/Food
https://en.wikipedia.org/wiki/Football
https://en.wikipedia.org/wiki/Forecast , https://en.wikipedia.org/wiki/Forecasting
https://en.wikipedia.org/wiki/Forest
https://en.wikipedia.org/wiki/Fruit
https://en.wikipedia.org/wiki/Fuck
https://en.wikipedia.org/wiki/Furnace
https://en.wikipedia.org/wiki/Gain , https://en.wikipedia.org/wiki/Gain_(accounting)
https://en.wikipedia.org/wiki/Galaxy
https://en.wikipedia.org/wiki/Game
https://en.wikipedia.org/wiki/Gem , https://en.wikipedia.org/wiki/Gemstone
https://en.wikipedia.org/wiki/Gender
https://en.wikipedia.org/wiki/Gin
https://en.wikipedia.org/wiki/Girl
https://en.wikipedia.org/wiki/Glass
https://en.wikipedia.org/wiki/Government
https://en.wikipedia.org/wiki/Governor
https://en.wikipedia.org/wiki/Graveyard , https://en.wikipedia.org/wiki/Cemetery
https://en.wikipedia.org/wiki/Grocery , https://en.wikipedia.org/wiki/Grocery_store
https://en.wikipedia.org/wiki/Group , https://en.wikipedia.org/wiki/Social_group
https://en.wikipedia.org/wiki/Hardware , https://en.wikipedia.org/wiki/Computer_hardware
https://en.wikipedia.org/wiki/Health
https://en.wikipedia.org/wiki/Hike , https://en.wikipedia.org/wiki/Hiking
https://en.wikipedia.org/wiki/Hill
https://en.wikipedia.org/wiki/History
https://en.wikipedia.org/wiki/Holy , https://en.wikipedia.org/wiki/Sacred
https://en.wikipedia.org/wiki/Hospital
https://en.wikipedia.org/wiki/Hotel
https://en.wikipedia.org/wiki/Hundred , https://en.wikipedia.org/wiki/100_(number)
https://en.wikipedia.org/wiki/Hypertension
https://en.wikipedia.org/wiki/Image
https://en.wikipedia.org/wiki/Impartiality
https://en.wikipedia.org/wiki/Implement , https://en.wikipedia.org/wiki/Implementation
https://en.wikipedia.org/wiki/Importance , https://en.wikipedia.org/wiki/Value_(personal_and_cultural)
https://en.wikipedia.org/wiki/Index , https://en.wikipedia.org/wiki/Index_(economics)
https://en.wikipedia.org/wiki/Industry
https://en.wikipedia.org/wiki/Information
https://en.wikipedia.org/wiki/Infrastructure
https://en.wikipedia.org/wiki/Inmate , https://en.wikipedia.org/wiki/Prisoner
https://en.wikipedia.org/wiki/Institution
https://en.wikipedia.org/wiki/Insurance
https://en.wikipedia.org/wiki/Interest
https://en.wikipedia.org/wiki/Internet
https://en.wikipedia.org/wiki/Interview
https://en.wikipedia.org/wiki/Investigation , https://en.wikipedia.org/wiki/Criminal_investigation
https://en.wikipedia.org/wiki/Investor
https://en.wikipedia.org/wiki/Isolation , https://en.wikipedia.org/wiki/Solitude
https://en.wikipedia.org/wiki/Issue , https://en.wikipedia.org/wiki/Issue_(legal)
https://en.wikipedia.org/wiki/Jaguar
https://en.wikipedia.org/wiki/Jazz
https://en.wikipedia.org/wiki/Jewel , https://en.wikipedia.org/wiki/Gemstone
https://en.wikipedia.org/wiki/Journal
https://en.wikipedia.org/wiki/Journey , https://en.wikipedia.org/wiki/Travel
https://en.wikipedia.org/wiki/Keyboard , https://en.wikipedia.org/wiki/Computer_keyboard
https://en.wikipedia.org/wiki/Kilometer , https://en.wikipedia.org/wiki/Kilometre
https://en.wikipedia.org/wiki/Kind , https://en.wikipedia.org/wiki/Natural_kind
https://en.wikipedia.org/wiki/King , https://en.wikipedia.org/wiki/Monarch
https://en.wikipedia.org/wiki/Laboratory
https://en.wikipedia.org/wiki/Lad , https://en.wikipedia.org/wiki/Boy
https://en.wikipedia.org/wiki/Landscape
https://en.wikipedia.org/wiki/Laundering , https://en.wikipedia.org/wiki/Money_laundering
https://en.wikipedia.org/wiki/Law
https://en.wikipedia.org/wiki/Lawyer
https://en.wikipedia.org/wiki/Lesson
https://en.wikipedia.org/wiki/Liability , https://en.wikipedia.org/wiki/Liability_(financial_accounting)
https://en.wikipedia.org/wiki/Library
https://en.wikipedia.org/wiki/Life
https://en.wikipedia.org/wiki/Line , https://en.wikipedia.org/wiki/Line_(geometry)
https://en.wikipedia.org/wiki/Liquid
https://en.wikipedia.org/wiki/Listing , https://en.wikipedia.org/wiki/Enumeration
https://en.wikipedia.org/wiki/Live , https://en.wikipedia.org/wiki/Live_television
https://en.wikipedia.org/wiki/Lobster
https://en.wikipedia.org/wiki/Loss , https://en.wikipedia.org/wiki/Loss_function
https://en.wikipedia.org/wiki/Love
https://en.wikipedia.org/wiki/Lover , https://en.wikipedia.org/wiki/Lover_(novel)
https://en.wikipedia.org/wiki/Luxury , https://en.wikipedia.org/wiki/Luxury_goods
https://en.wikipedia.org/wiki/Madhouse , https://en.wikipedia.org/wiki/Psychiatric_hospital
https://en.wikipedia.org/wiki/Magician , https://en.wikipedia.org/wiki/Magician_(paranormal)
https://en.wikipedia.org/wiki/Maker , https://en.wikipedia.org/wiki/Makers:_The_New_Industrial_Revolution
https://en.wikipedia.org/wiki/Mammal
https://en.wikipedia.org/wiki/Man
https://en.wikipedia.org/wiki/Manslaughter
https://en.wikipedia.org/wiki/Marathon
https://en.wikipedia.org/wiki/Market , https://en.wikipedia.org/wiki/Market_(economics)
https://en.wikipedia.org/wiki/Marriage
https://en.wikipedia.org/wiki/Match
https://en.wikipedia.org/wiki/Medal
https://en.wikipedia.org/wiki/Media , https://en.wikipedia.org/wiki/Media_(communication)
https://en.wikipedia.org/wiki/Memorabilia , https://en.wikipedia.org/wiki/Souvenir
https://en.wikipedia.org/wiki/Metal
https://en.wikipedia.org/wiki/Midday , https://en.wikipedia.org/wiki/Noon
https://en.wikipedia.org/wiki/Mile
https://en.wikipedia.org/wiki/Mind
https://en.wikipedia.org/wiki/Minister , https://en.wikipedia.org/wiki/Minister_(government)
https://en.wikipedia.org/wiki/Ministry , https://en.wikipedia.org/wiki/Ministry_(government_department)
https://en.wikipedia.org/wiki/Minority , https://en.wikipedia.org/wiki/Minority_group
https://en.wikipedia.org/wiki/Money
https://en.wikipedia.org/wiki/Monk
https://en.wikipedia.org/wiki/Month
https://en.wikipedia.org/wiki/Moon
https://en.wikipedia.org/wiki/Morality
https://en.wikipedia.org/wiki/Mother
https://en.wikipedia.org/wiki/Motto
https://en.wikipedia.org/wiki/Mouth
https://en.wikipedia.org/wiki/Movie , https://en.wikipedia.org/wiki/Film
https://en.wikipedia.org/wiki/Murder
https://en.wikipedia.org/wiki/Museum
https://en.wikipedia.org/wiki/Music
https://en.wikipedia.org/wiki/Nation
https://en.wikipedia.org/wiki/Nature
https://en.wikipedia.org/wiki/Network , https://en.wikipedia.org/wiki/Social_network
https://en.wikipedia.org/wiki/News
https://en.wikipedia.org/wiki/Noon
https://en.wikipedia.org/wiki/Number
https://en.wikipedia.org/wiki/Nurse , https://en.wikipedia.org/wiki/Nursing
https://en.wikipedia.org/wiki/Object , https://en.wikipedia.org/wiki/Object_(philosophy)
https://en.wikipedia.org/wiki/Observation
https://en.wikipedia.org/wiki/Office
https://en.wikipedia.org/wiki/Oil
https://en.wikipedia.org/wiki/Opera
https://en.wikipedia.org/wiki/Operation , https://en.wikipedia.org/wiki/Operation_(mathematics)
https://en.wikipedia.org/wiki/Oracle
https://en.wikipedia.org/wiki/Organism
https://en.wikipedia.org/wiki/Paper
https://en.wikipedia.org/wiki/Party
https://en.wikipedia.org/wiki/Payment
https://en.wikipedia.org/wiki/Peace
https://en.wikipedia.org/wiki/People
https://en.wikipedia.org/wiki/Percent , https://en.wikipedia.org/wiki/Percentage
https://en.wikipedia.org/wiki/Performance
https://en.wikipedia.org/wiki/Personnel , https://en.wikipedia.org/wiki/Employment
https://en.wikipedia.org/wiki/Phone , https://en.wikipedia.org/wiki/Telephone
https://en.wikipedia.org/wiki/Physics
https://en.wikipedia.org/wiki/Place, https://en.wikipedia.org/wiki/Location_(geography)
https://en.wikipedia.org/wiki/Plan
https://en.wikipedia.org/wiki/Plane , https://en.wikipedia.org/wiki/Airplane
https://en.wikipedia.org/wiki/Planet
https://en.wikipedia.org/wiki/Planning
https://en.wikipedia.org/wiki/Popcorn
https://en.wikipedia.org/wiki/Population
https://en.wikipedia.org/wiki/Possession , https://en.wikipedia.org/wiki/Ownership
https://en.wikipedia.org/wiki/Possibility , https://en.wikipedia.org/wiki/Logical_possibility
https://en.wikipedia.org/wiki/Potato
https://en.wikipedia.org/wiki/Practice , https://en.wikipedia.org/wiki/Best_practice
https://en.wikipedia.org/wiki/Precedent
https://en.wikipedia.org/wiki/Prejudice
https://en.wikipedia.org/wiki/Preparation , https://en.wikipedia.org/wiki/Preparedness
https://en.wikipedia.org/wiki/Preservation  , https://en.wikipedia.org/wiki/Historic_preservation
https://en.wikipedia.org/wiki/President
https://en.wikipedia.org/wiki/Price
https://en.wikipedia.org/wiki/Problem , https://en.wikipedia.org/wiki/Problem_solving
https://en.wikipedia.org/wiki/Production , https://en.wikipedia.org/wiki/Production_(economics)
https://en.wikipedia.org/wiki/Professor
https://en.wikipedia.org/wiki/Profit , https://en.wikipedia.org/wiki/Profit_(economics)
https://en.wikipedia.org/wiki/Project
https://en.wikipedia.org/wiki/Prominence , https://en.wikipedia.org/wiki/Topographic_prominence
https://en.wikipedia.org/wiki/Property
https://en.wikipedia.org/wiki/Proton
https://en.wikipedia.org/wiki/Proximity , https://en.wikipedia.org/wiki/Distance
https://en.wikipedia.org/wiki/Psychiatry
https://en.wikipedia.org/wiki/Psychology
https://en.wikipedia.org/wiki/Quarrel , https://en.wikipedia.org/wiki/Controversy
https://en.wikipedia.org/wiki/Queen , https://en.wikipedia.org/wiki/Queen_regnant
https://en.wikipedia.org/wiki/Rabbi
https://en.wikipedia.org/wiki/Racism
https://en.wikipedia.org/wiki/Racket , https://en.wikipedia.org/wiki/Racket_(sports_equipment)
https://en.wikipedia.org/wiki/Radio
https://en.wikipedia.org/wiki/Reason
https://en.wikipedia.org/wiki/Recess , https://en.wikipedia.org/wiki/Recess_(break)
https://en.wikipedia.org/wiki/Recognition , https://en.wikipedia.org/wiki/Pattern_recognition
https://en.wikipedia.org/wiki/Recommendation , https://en.wikipedia.org/wiki/Recommender_system
https://en.wikipedia.org/wiki/Record , https://en.wikipedia.org/wiki/Recording
https://en.wikipedia.org/wiki/Recovery , https://en.wikipedia.org/wiki/Healing
https://en.wikipedia.org/wiki/Registration , https://en.wikipedia.org/wiki/Civil_registry
https://en.wikipedia.org/wiki/Report
https://en.wikipedia.org/wiki/Reservation , https://en.wikipedia.org/wiki/Table_reservation
https://en.wikipedia.org/wiki/Rock , https://en.wikipedia.org/wiki/Rock_music
https://en.wikipedia.org/wiki/Rook , https://en.wikipedia.org/wiki/Rook_(bird)
https://en.wikipedia.org/wiki/Rooster
https://en.wikipedia.org/wiki/Round , https://en.wikipedia.org/wiki/Roundness_(geology)
https://en.wikipedia.org/wiki/Row , https://en.wikipedia.org/wiki/Row_(database)
https://en.wikipedia.org/wiki/School
https://en.wikipedia.org/wiki/Science
https://en.wikipedia.org/wiki/Scientist
https://en.wikipedia.org/wiki/Sea
https://en.wikipedia.org/wiki/Seafood
https://en.wikipedia.org/wiki/Season
https://en.wikipedia.org/wiki/Secret , https://en.wikipedia.org/wiki/Secrecy
https://en.wikipedia.org/wiki/Secretary
https://en.wikipedia.org/wiki/Seepage , https://en.wikipedia.org/wiki/Soil_mechanics
https://en.wikipedia.org/wiki/Senate
https://en.wikipedia.org/wiki/Serial , https://en.wikipedia.org/wiki/Serial_(literature)
https://en.wikipedia.org/wiki/Series , https://en.wikipedia.org/wiki/Series_(mathematics)
https://en.wikipedia.org/wiki/Seven , https://en.wikipedia.org/wiki/7_(number)
https://en.wikipedia.org/wiki/Sex
https://en.wikipedia.org/wiki/Shore
https://en.wikipedia.org/wiki/Shower
https://en.wikipedia.org/wiki/Sign
https://en.wikipedia.org/wiki/Similarity , https://en.wikipedia.org/wiki/Similarity_(geometry)
https://en.wikipedia.org/wiki/Situation , https://en.wikipedia.org/wiki/Situationism_(psychology)
https://en.wikipedia.org/wiki/Size , https://en.wikipedia.org/wiki/File_size
https://en.wikipedia.org/wiki/Skin
https://en.wikipedia.org/wiki/Slave , https://en.wikipedia.org/wiki/Slavery
https://en.wikipedia.org/wiki/Smart , https://en.wikipedia.org/wiki/Intelligence
https://en.wikipedia.org/wiki/Smile
https://en.wikipedia.org/wiki/Soap
https://en.wikipedia.org/wiki/Soccer , https://en.wikipedia.org/wiki/Association_football
https://en.wikipedia.org/wiki/Software
https://en.wikipedia.org/wiki/Space
https://en.wikipedia.org/wiki/Sprint , https://en.wikipedia.org/wiki/Sprint_(running)
https://en.wikipedia.org/wiki/Star
https://en.wikipedia.org/wiki/Start , https://en.wikipedia.org/wiki/Starting_lineup
https://en.wikipedia.org/wiki/Stock
https://en.wikipedia.org/wiki/Stove
https://en.wikipedia.org/wiki/Street
https://en.wikipedia.org/wiki/String , https://en.wikipedia.org/wiki/String_(music)
https://en.wikipedia.org/wiki/Stroke
https://en.wikipedia.org/wiki/Student
https://en.wikipedia.org/wiki/Stupid , https://en.wikipedia.org/wiki/Stupidity
https://en.wikipedia.org/wiki/Substance , https://en.wikipedia.org/wiki/Chemical_substance
https://en.wikipedia.org/wiki/Sugar
https://en.wikipedia.org/wiki/Summer
https://en.wikipedia.org/wiki/Sun
https://en.wikipedia.org/wiki/Surface
https://en.wikipedia.org/wiki/Tableware
https://en.wikipedia.org/wiki/Team
https://en.wikipedia.org/wiki/Telephone
https://en.wikipedia.org/wiki/Television
https://en.wikipedia.org/wiki/Tennis
https://en.wikipedia.org/wiki/Term , https://en.wikipedia.org/wiki/Terminology
https://en.wikipedia.org/wiki/Territory , https://en.wikipedia.org/wiki/Sales_territory
https://en.wikipedia.org/wiki/Terror
https://en.wikipedia.org/wiki/Theater , https://en.wikipedia.org/wiki/Theatre
https://en.wikipedia.org/wiki/Thunderstorm
https://en.wikipedia.org/wiki/Ticket , https://en.wikipedia.org/wiki/Electronic_ticket
https://en.wikipedia.org/wiki/Tiger
https://en.wikipedia.org/wiki/Tool
https://en.wikipedia.org/wiki/Tournament
https://en.wikipedia.org/wiki/Trading , https://en.wikipedia.org/wiki/Trade
https://en.wikipedia.org/wiki/Train
https://en.wikipedia.org/wiki/Travel
https://en.wikipedia.org/wiki/Treatment , https://en.wikipedia.org/wiki/Medical_case_management
https://en.wikipedia.org/wiki/Troops , https://en.wikipedia.org/wiki/Troop
https://en.wikipedia.org/wiki/Type , https://en.wikipedia.org/wiki/Typification
https://en.wikipedia.org/wiki/Valor , https://en.wikipedia.org/wiki/Courage
https://en.wikipedia.org/wiki/Victim , https://en.wikipedia.org/wiki/Victimology
https://en.wikipedia.org/wiki/Victory
https://en.wikipedia.org/wiki/Video
https://en.wikipedia.org/wiki/Viewer , https://en.wikipedia.org/wiki/Image_viewer
https://en.wikipedia.org/wiki/Virtuoso
https://en.wikipedia.org/wiki/Vodka
https://en.wikipedia.org/wiki/Volunteer , https://en.wikipedia.org/wiki/Volunteering
https://en.wikipedia.org/wiki/Voyage , https://en.wikipedia.org/wiki/Travel
https://en.wikipedia.org/wiki/War
https://en.wikipedia.org/wiki/Warning , https://en.wikipedia.org/wiki/Precautionary_statement
https://en.wikipedia.org/wiki/Water
https://en.wikipedia.org/wiki/Wealth
https://en.wikipedia.org/wiki/Weapon
https://en.wikipedia.org/wiki/Weather
https://en.wikipedia.org/wiki/Wine
https://en.wikipedia.org/wiki/Withdrawal , https://en.wikipedia.org/wiki/Drug_withdrawal
https://en.wikipedia.org/wiki/Wizard , https://en.wikipedia.org/wiki/Magician_(fantasy)
https://en.wikipedia.org/wiki/Woman
https://en.wikipedia.org/wiki/Wood
https://en.wikipedia.org/wiki/Woodland
https://en.wikipedia.org/wiki/Word
https://en.wikipedia.org/wiki/World
https://en.wikipedia.org/wiki/Year
https://en.wikipedia.org/wiki/Yen , https://en.wikipedia.org/wiki/Japanese_yen
https://en.wikipedia.org/wiki/Zoo